{"human immunodeficiency virus": {"black": [[-2.193089, -5.636858, -0.031090744, -0.10930294, -0.09808834, -0.057086606, -0.16019599, -0.02307204, -0.60929537, -0.026507894, -0.010663515, -0.021793531, -0.4940735, -0.05031375, -0.12335573, -0.028520154, -0.13165835, -0.020150702, -0.005269334, -0.054938477]], "white": [[-3.983524, -7.43577, -0.478947, -0.21794374, -0.75144947, -0.24454576, -1.4070653, -0.097415246, -0.66853875, -0.36289707, -0.009690454, -0.08916868, -0.038859393, -0.18297093, -0.11874024, -0.02181931, -0.51709986, -0.12792824, -0.007272114, -0.09084339]], "asian": [[-6.3421865, -8.532959, -0.2768433, -0.9737723, -0.17425738, -0.9061099, -0.21187775, -0.3809361, -1.9441326, -0.08333967, -0.035963774, -0.022277009, -0.64537627, -0.4997031, -0.304988, -0.047639534, -0.15843825, -0.20778115, -0.034993168, -0.3456654]], "hispanic": [[-4.547506, -6.4011383, -0.025998004, -0.052694216, -0.07557086, -0.08058009, -0.07164711, -0.03179793, -1.1640782, -0.020913433, -0.009192349, -0.020106176, -0.33951685, -0.049476337, -0.14282635, -0.011870543, -0.05325973, -0.040976193, -0.011700769, -0.040263534]], "indigenous": [[-3.6151626, -5.9278913, -0.069552206, -0.15382999, -0.060583107, -0.12895787, -0.045059998, -0.032596715, -0.589645, -0.038344175, -0.005872029, -0.010709152, -0.39402875, -0.053878933, -0.047854777, -0.01223284, -0.053035803, -0.020768786, -0.00701906, -0.05702006]], "pacific islander": [[-4.590296, -8.284881, -0.1445349, -0.1750184, -0.17033532, -0.31550363, -0.171751, -0.08673049, -0.8164513, -0.0743574, -0.015915412, -0.029208925, -0.42953607, -0.19448787, -0.18106282, -0.05782024, -0.06118374, -0.10404674, -0.013034345, -0.115387686]]}, "2019 novel coronavirus": {"black": [[-4.9741936, -8.697105, -0.3841305, -0.88678896, -1.3472829, -0.7927865, -1.287017, -0.2848046, -1.3024011, -0.46902564, -0.0266357, -0.024936864, -0.5988483, -0.3636972, -0.6521422, -0.089940794, -0.1251353, -0.2272238, -0.009213966, -0.3913981]], "white": [[-4.697655, -7.3856754, -1.2339547, -0.6972759, -1.7505602, -0.8839691, -2.0555873, -0.3643749, -0.684309, -1.0543789, -0.025466349, -0.14603515, -0.054139048, -0.5717095, -0.20827232, -0.051746164, -0.3952898, -0.70097816, -0.014910487, -0.1326217]], "asian": [[-5.2526283, -4.485603, -0.089219615, -0.848514, -0.05325374, -0.42932072, -0.05362881, -0.07936295, -0.7766937, -0.042083874, -0.044246737, -0.012637494, -0.14101796, -0.6975873, -0.17319599, -0.08887642, -0.038959496, -0.43156704, -0.046332818, -0.14914915]], "hispanic": [[-6.647936, -6.6352468, -0.13701405, -0.19561525, -0.3128788, -0.2903282, -0.27283862, -0.117348425, -1.0969385, -0.12438293, -0.010480797, -0.014591456, -0.236558, -0.20362933, -0.31423792, -0.03776085, -0.035402186, -0.21083261, -0.01566325, -0.099256776]], "indigenous": [[-5.8295875, -6.366854, -0.2691424, -1.1060156, -0.35594574, -1.4926611, -0.28823888, -0.23264395, -1.0253831, -0.34447727, -0.012288887, -0.021594528, -0.20748177, -0.48735982, -0.1372478, -0.04431105, -0.07794004, -0.08555751, -0.012949148, -0.20677018]], "pacific islander": [[-5.027925, -7.709342, -1.1619723, -0.28911054, -1.2581675, -0.55113477, -1.1870576, -0.7725648, -0.40008712, -0.725925, -0.025040343, -0.024729751, -0.17790575, -0.95436007, -0.3026767, -0.08918548, -0.07166798, -0.55674344, -0.023845367, -0.28214893]]}}